Dst Port,Protocol,Flow Duration,Tot Fwd Pkts,Tot Bwd Pkts,TotLen Fwd Pkts,TotLen Bwd Pkts,Fwd Pkt Len Max,Fwd Pkt Len Min,Fwd Pkt Len Mean,Fwd Pkt Len Std,Flow IAT Mean,Flow IAT Std,Flow IAT Max,Flow IAT Min,Fwd Pkts/s,Bwd Pkts/s
443,6,187081.81381225586,11,6,3365,2296,1370.0,42.0,305.90909090909093,444.99549630927413,11692.613363265991,23474.78970194657,79814.91088867188,0.0,58.79780495948657,32.07152997790176
443,6,367.87986755371094,0,3,0,144,0,0,0,0,183.93993377685547,7.033348083496094,190.97328186035156,176.90658569335938,0.0,8154.836033700583
10940,6,1,1,0,42,0,42.0,42.0,42.0,0.0,0,0,0,0,1000000.0,0.0
10940,6,1,1,0,42,0,42.0,42.0,42.0,0.0,0,0,0,0,1000000.0,0.0
443,6,195266.0083770752,15,8,7815,2388,1370.0,42.0,521.0,533.684675940141,8875.727653503418,21197.382924550853,85958.95767211914,0.0,76.818285602652,40.9697523214144
443,6,391.0064697265625,0,3,0,144,0,0,0,0,195.50323486328125,17.404556274414062,212.9077911376953,178.0986785888672,0.0,7672.507317073171
10941,6,1,1,0,42,0,42.0,42.0,42.0,0.0,0,0,0,0,1000000.0,0.0
10941,6,1,1,0,42,0,42.0,42.0,42.0,0.0,0,0,0,0,1000000.0,0.0
443,6,4230895.042419434,15,9,8248,1840,1370.0,42.0,549.8666666666667,517.5456007820845,183951.95836606232,814713.9998147042,4003771.0666656494,0.0,3.545349116347321,2.1272094698083928
10939,6,1,1,0,42,0,42.0,42.0,42.0,0.0,0,0,0,0,1000000.0,0.0
443,6,4228070.020675659,14,10,9010,1880,1370.0,42.0,643.5714285714286,578.0612565520462,183829.1313337243,818803.1831517331,4022938.013076782,0.0,3.3112034407043134,2.365145314788795
10942,6,1,1,0,42,0,42.0,42.0,42.0,0.0,0,0,0,0,1000000.0,0.0
443,6,4222349.166870117,15,10,7928,1895,1370.0,42.0,528.5333333333333,568.6634466497346,175931.21528625488,799806.9641884204,4010646.104812622,0.0,3.5525247693143736,2.368349846209582
10943,6,1,1,0,42,0,42.0,42.0,42.0,0.0,0,0,0,0,1000000.0,0.0
443,6,4214332.818984985,13,10,7730,1888,1370.0,42.0,594.6153846153846,588.6161787762547,191560.5826811357,822593.2045423422,3959664.821624756,0.0,3.084711283702322,2.3728548336171706
10944,6,1,1,0,42,0,42.0,42.0,42.0,0.0,0,0,0,0,1000000.0,0.0
443,6,4241092.920303345,15,10,8226,1880,1370.0,42.0,548.4,553.4704809954486,176712.20501263937,800436.4862776849,4014168.0240631104,0.0,3.536824182321175,2.3578827882141162
10945,6,1,1,0,42,0,42.0,42.0,42.0,0.0,0,0,0,0,1000000.0,0.0
443,6,1,1,0,40,0,40.0,40.0,40.0,0.0,0,0,0,0,1000000.0,0.0
10927,6,1,0,1,0,42,0,0,0,0,0,0,0,0,0.0,1000000.0
10925,6,1,0,1,0,42,0,0,0,0,0,0,0,0,0.0,1000000.0
80,6,118.97087097167969,2,0,80,0,40.0,40.0,40.0,0.0,118.97087097167969,0.0,118.97087097167969,118.97087097167969,16810.8376753507,0.0
80,6,1,1,0,40,0,40.0,40.0,40.0,0.0,0,0,0,0,1000000.0,0.0
80,6,1,1,0,40,0,40.0,40.0,40.0,0.0,0,0,0,0,1000000.0,0.0
80,6,1,1,0,40,0,40.0,40.0,40.0,0.0,0,0,0,0,1000000.0,0.0
10934,6,1,0,1,0,42,0,0,0,0,0,0,0,0,0.0,1000000.0
10935,6,1,0,1,0,42,0,0,0,0,0,0,0,0,0.0,1000000.0
10936,6,1,0,1,0,42,0,0,0,0,0,0,0,0,0.0,1000000.0
10924,6,5030929.803848267,3,2,120,143,40.0,40.0,40.0,0.0,1257732.4509620667,2178227.4567228043,5030533.075332642,71.76399230957031,0.5963112420501744,0.3975408280334496
10924,6,1,0,1,0,42,0,0,0,0,0,0,0,0,0.0,1000000.0
10923,6,5079615.116119385,3,2,120,143,40.0,40.0,40.0,0.0,1269903.7790298462,2199372.1343146944,5079328.0601501465,61.03515625,0.5905959273331471,0.3937306182220981
10923,6,1,0,1,0,42,0,0,0,0,0,0,0,0,0.0,1000000.0
5353,17,1,1,0,86,0,86.0,86.0,86.0,0.0,0,0,0,0,1000000.0,0.0
137,17,1538795.9480285645,7,0,672,0,96.0,96.0,96.0,0.0,256465.99133809406,328296.4319255128,718626.0223388672,0.0,4.549011198637534,0.0
5353,17,4002667.188644409,4,0,1388,0,452.0,220.0,347.0,92.05161595539755,1334222.396214803,218376.4869156052,1638360.9771728516,1135707.139968872,0.999333647161079,0.0
3702,17,3989456.89201355,3,0,2052,0,684.0,684.0,684.0,0.0,1994728.446006775,45520.42484283447,2040248.8708496094,1949208.0211639404,0.7519820570077264,0.0
5353,17,1019362.9264831543,3,0,299,0,105.0,89.0,99.66666666666667,7.542472332656507,509681.46324157715,509681.46324157715,1019362.9264831543,0.0,2.9430146241929047,0.0
5355,17,394.1059112548828,2,0,122,0,61.0,61.0,61.0,0.0,394.1059112548828,0.0,394.1059112548828,394.1059112548828,5074.777979431337,0.0
22222,17,9010764.837265015,4,0,224,0,56.0,56.0,56.0,0.0,3003588.2790883384,48424.68478104109,3072036.027908325,2967465.877532959,0.44391348262220287,0.0
22222,17,9010764.837265015,4,0,224,0,56.0,56.0,56.0,0.0,3003588.2790883384,48424.68478104109,3072036.027908325,2967465.877532959,0.44391348262220287,0.0
22222,17,9010764.837265015,4,0,224,0,56.0,56.0,56.0,0.0,3003588.2790883384,48424.68478104109,3072036.027908325,2967465.877532959,0.44391348262220287,0.0
22222,17,9010764.837265015,4,0,224,0,56.0,56.0,56.0,0.0,3003588.2790883384,48424.68478104109,3072036.027908325,2967465.877532959,0.44391348262220287,0.0
10004,17,9010764.837265015,20,0,2220,0,111.0,111.0,111.0,0.0,474250.780908685,1094844.9671949663,3068243.0267333984,0.0,2.2195674131110144,0.0
22222,17,9010764.837265015,4,0,224,0,56.0,56.0,56.0,0.0,3003588.2790883384,48424.68478104109,3072036.027908325,2967465.877532959,0.44391348262220287,0.0
1900,17,1,1,0,129,0,129.0,129.0,129.0,0.0,0,0,0,0,1000000.0,0.0
22222,17,9010764.837265015,4,0,224,0,56.0,56.0,56.0,0.0,3003588.2790883384,48424.68478104109,3072036.027908325,2967465.877532959,0.44391348262220287,0.0
22222,17,9010764.837265015,4,0,224,0,56.0,56.0,56.0,0.0,3003588.2790883384,48424.68478104109,3072036.027908325,2967465.877532959,0.44391348262220287,0.0
22222,17,9010764.837265015,4,0,224,0,56.0,56.0,56.0,0.0,3003588.2790883384,48424.68478104109,3072036.027908325,2967465.877532959,0.44391348262220287,0.0
22222,17,9010764.837265015,4,0,224,0,56.0,56.0,56.0,0.0,3003588.2790883384,48424.68478104109,3072036.027908325,2967465.877532959,0.44391348262220287,0.0
22222,17,9010764.837265015,4,0,224,0,56.0,56.0,56.0,0.0,3003588.2790883384,48424.68478104109,3072036.027908325,2967465.877532959,0.44391348262220287,0.0
3289,17,9010764.837265015,4,0,168,0,42.0,42.0,42.0,0.0,3003588.2790883384,48424.68478104109,3072036.027908325,2967465.877532959,0.44391348262220287,0.0
3289,17,9010764.837265015,4,0,168,0,42.0,42.0,42.0,0.0,3003588.2790883384,48424.68478104109,3072036.027908325,2967465.877532959,0.44391348262220287,0.0
3289,17,9010764.837265015,4,0,168,0,42.0,42.0,42.0,0.0,3003588.2790883384,48424.68478104109,3072036.027908325,2967465.877532959,0.44391348262220287,0.0
3289,17,9010764.837265015,4,0,168,0,42.0,42.0,42.0,0.0,3003588.2790883384,48424.68478104109,3072036.027908325,2967465.877532959,0.44391348262220287,0.0
3289,17,9010764.837265015,4,0,168,0,42.0,42.0,42.0,0.0,3003588.2790883384,48424.68478104109,3072036.027908325,2967465.877532959,0.44391348262220287,0.0
138,17,1,1,0,226,0,226.0,226.0,226.0,0.0,0,0,0,0,1000000.0,0.0
5353,17,2049426.0787963867,2,0,146,0,73.0,73.0,73.0,0.0,2049426.0787963867,0.0,2049426.0787963867,2049426.0787963867,0.9758829658177208,0.0
5353,17,7066097.021102905,2,0,186,0,93.0,93.0,93.0,0.0,7066097.021102905,0.0,7066097.021102905,7066097.021102905,0.28304168397730717,0.0
5353,17,716654.0622711182,6,0,898,0,265.0,74.0,149.66666666666666,78.22332701240015,143330.81245422363,122940.032008513,307646.0361480713,0.0,8.372240270271618,0.0
137,17,3381397.008895874,5,0,444,0,96.0,78.0,88.8,8.818163074019441,845349.2522239685,765554.1492007801,2042557.954788208,0.0,1.4786787788733058,0.0
5353,17,7989774.942398071,9,0,561,0,64.0,61.0,62.333333333333336,1.1547005383792515,998721.8677997589,2642369.6911200886,7989774.942398071,0.0,1.1264397389019216,0.0
3702,17,1,1,0,652,0,652.0,652.0,652.0,0.0,0,0,0,0,1000000.0,0.0
5353,17,1024848.9379882812,3,0,799,0,521.0,86.0,266.3333333333333,185.20319171715758,512424.4689941406,108298.54011535645,620723.0091094971,404125.9288787842,2.927260680865636,0.0
5355,17,1,1,0,61,0,61.0,61.0,61.0,0.0,0,0,0,0,1000000.0,0.0
5353,17,3993661.880493164,4,0,498,0,165.0,69.0,124.5,37.265936188428164,1331220.6268310547,1446099.6409140518,3376280.0693511963,298435.92643737793,1.0015870445962876,0.0
5353,17,924986.1240386963,3,0,717,0,479.0,86.0,239.0,171.83131262956704,462493.06201934814,53564.90612030029,516057.96813964844,408928.15589904785,3.2432918959922654,0.0
0,2,1,1,0,32,0,32.0,32.0,32.0,0.0,0,0,0,0,1000000.0,0.0
5353,17,308420.89653015137,2,0,304,0,216.0,88.0,152.0,64.0,308420.89653015137,0.0,308420.89653015137,308420.89653015137,6.484644920304481,0.0
5353,17,612669.2295074463,2,0,309,0,223.0,86.0,154.5,68.5,612669.2295074463,0.0,612669.2295074463,612669.2295074463,3.264404190182514,0.0
443,17,317041.15867614746,5,6,452,403,134.0,60.0,90.4,35.61235740582193,31704.11586761475,43262.34002426538,137444.01931762695,198.84109497070312,15.770823008842903,18.924987610611485
57621,17,1,1,0,68,0,68.0,68.0,68.0,0.0,0,0,0,0,1000000.0,0.0
67,17,10998.010635375977,1,1,328,332,328.0,328.0,328.0,0.0,10998.010635375977,0.0,10998.010635375977,10998.010635375977,90.92553491296148,90.92553491296148
0,2,388728.8570404053,5,0,200,0,40.0,40.0,40.0,0.0,97182.21426010132,152281.28159430827,360209.9418640137,245.09429931640625,12.862435884147109,0.0
5355,17,422688.96102905273,2,0,110,0,55.0,55.0,55.0,0.0,422688.96102905273,0.0,422688.96102905273,422688.96102905273,4.731611620826156,0.0
5355,17,409537.07695007324,2,0,112,0,56.0,56.0,56.0,0.0,409537.07695007324,0.0,409537.07695007324,409537.07695007324,4.883562716456612,0.0
5353,17,1947012.9013061523,5,0,472,0,105.0,68.0,94.4,14.582180906846547,486753.2253265381,488083.49944570265,1024433.8512420654,0.0,2.5680363990632795,0.0
57621,17,1,1,0,68,0,68.0,68.0,68.0,0.0,0,0,0,0,1000000.0,0.0
1900,17,1,1,0,153,0,153.0,153.0,153.0,0.0,0,0,0,0,1000000.0,0.0
5353,17,1,1,0,73,0,73.0,73.0,73.0,0.0,0,0,0,0,1000000.0,0.0
5353,17,1,1,0,73,0,73.0,73.0,73.0,0.0,0,0,0,0,1000000.0,0.0
5353,17,1,1,0,105,0,105.0,105.0,105.0,0.0,0,0,0,0,1000000.0,0.0
5353,17,1,1,0,114,0,114.0,114.0,114.0,0.0,0,0,0,0,1000000.0,0.0
3544,17,1,1,0,68,0,68.0,68.0,68.0,0.0,0,0,0,0,1000000.0,0.0
5353,17,14848994.016647339,3,0,219,0,73.0,73.0,73.0,0.0,7424497.008323669,5476800.084114075,12901297.092437744,1947696.9242095947,0.20203388839921907,0.0
1900,17,16285879.850387573,7,0,1071,0,153.0,153.0,153.0,0.0,2714313.3083979287,1054079.6726016058,4299942.0166015625,1841552.972793579,0.4298201917431813,0.0
5353,17,10035045.862197876,6,0,438,0,73.0,73.0,73.0,0.0,2007009.1724395752,49148.42350198188,2048280.0006866455,1946050.1670837402,0.5979045918068061,0.0
5353,17,10647400.856018066,8,0,580,0,105.0,67.0,72.5,12.288205727444508,1521057.2651454383,2607818.043877374,7680340.051651001,0.0,0.7513570784252275,0.0
5353,17,3991817.9512023926,3,0,1034,0,484.0,108.0,344.6666666666667,168.22471743342462,1995908.9756011963,974128.007888794,2970036.9834899902,1021780.9677124023,0.7515372786718285,0.0
1900,17,2973783.9698791504,4,0,792,0,198.0,198.0,198.0,0.0,991261.3232930502,48203.621086004285,1026046.9913482666,923095.9415435791,1.345087619179867,0.0
1900,17,3075649.9767303467,4,0,792,0,198.0,198.0,198.0,0.0,1025216.6589101155,1271.6906009420784,1026993.989944458,1024090.051651001,1.300538107477467,0.0
1900,17,3073690.176010132,4,0,792,0,198.0,198.0,198.0,0.0,1024563.3920033772,6669.3498135858235,1031790.018081665,1015701.0555267334,1.3013673372871575,0.0
5353,17,1026046.9913482666,2,0,195,0,109.0,86.0,97.5,11.5,1026046.9913482666,0.0,1026046.9913482666,1026046.9913482666,1.9492284630861987,0.0
5353,17,1023116.1117553711,2,0,195,0,109.0,86.0,97.5,11.5,1023116.1117553711,0.0,1023116.1117553711,1023116.1117553711,1.9548123394993544,0.0
5355,17,1,1,0,49,0,49.0,49.0,49.0,0.0,0,0,0,0,1000000.0,0.0
137,17,3176379.919052124,7,0,672,0,96.0,96.0,96.0,0.0,529396.653175354,340869.9612654388,819917.9172515869,0.0,2.203766608022411,0.0
5355,17,409873.00872802734,4,0,244,0,61.0,61.0,61.0,0.0,136624.33624267578,193215.9892646141,409873.00872802734,0.0,9.759120300244541,0.0
5355,17,1,1,0,49,0,49.0,49.0,49.0,0.0,0,0,0,0,1000000.0,0.0
5355,17,407871.0079193115,2,0,110,0,55.0,55.0,55.0,0.0,407871.0079193115,0.0,407871.0079193115,407871.0079193115,4.90351106395789,0.0
5355,17,407871.0079193115,2,0,110,0,55.0,55.0,55.0,0.0,407871.0079193115,0.0,407871.0079193115,407871.0079193115,4.90351106395789,0.0
5355,17,407871.0079193115,2,0,110,0,55.0,55.0,55.0,0.0,407871.0079193115,0.0,407871.0079193115,407871.0079193115,4.90351106395789,0.0
5355,17,407871.0079193115,2,0,110,0,55.0,55.0,55.0,0.0,407871.0079193115,0.0,407871.0079193115,407871.0079193115,4.90351106395789,0.0
5353,17,714796.0662841797,6,0,899,0,267.0,69.0,149.83333333333334,82.85009890693485,142959.21325683594,122873.21192457654,308335.0658416748,0.0,8.394002545635995,0.0
5355,17,406210.89935302734,2,0,112,0,56.0,56.0,56.0,0.0,406210.89935302734,0.0,406210.89935302734,406210.89935302734,4.923550803746041,0.0
138,17,1,1,0,229,0,229.0,229.0,229.0,0.0,0,0,0,0,1000000.0,0.0
1900,17,1,1,0,153,0,153.0,153.0,153.0,0.0,0,0,0,0,1000000.0,0.0
1900,17,2959543.228149414,4,0,792,0,198.0,198.0,198.0,0.0,986514.4093831381,52002.25970132612,1023855.9246063232,912975.0728607178,1.351559917069087,0.0
5353,17,1,4,0,304,0,95.0,57.0,76.0,19.0,0.0,0.0,0.0,0.0,4000000.0,0.0
5355,17,1,1,0,51,0,51.0,51.0,51.0,0.0,0,0,0,0,1000000.0,0.0
5355,17,1,1,0,55,0,55.0,55.0,55.0,0.0,0,0,0,0,1000000.0,0.0
5355,17,410866.97578430176,2,0,110,0,55.0,55.0,55.0,0.0,410866.97578430176,0.0,410866.97578430176,410866.97578430176,4.867755545897089,0.0
5355,17,410866.97578430176,2,0,110,0,55.0,55.0,55.0,0.0,410866.97578430176,0.0,410866.97578430176,410866.97578430176,4.867755545897089,0.0
5355,17,410866.97578430176,2,0,110,0,55.0,55.0,55.0,0.0,410866.97578430176,0.0,410866.97578430176,410866.97578430176,4.867755545897089,0.0
5355,17,1,1,0,61,0,61.0,61.0,61.0,0.0,0,0,0,0,1000000.0,0.0
5353,17,923691.987991333,2,0,477,0,391.0,86.0,238.5,152.5,923691.987991333,0.0,923691.987991333,923691.987991333,2.165223933953583,0.0
5353,17,1123367.0711517334,3,0,438,0,146.0,146.0,146.0,0.0,561683.5355758667,358390.6888961792,920074.2244720459,203292.8466796875,2.6705429392053004,0.0
137,17,924208.8794708252,2,0,192,0,96.0,96.0,96.0,0.0,924208.8794708252,0.0,924208.8794708252,924208.8794708252,2.1640129676585027,0.0
5353,17,1,8,0,496,0,67.0,57.0,62.0,5.0,0.0,0.0,0.0,0.0,8000000.0,0.0
5355,17,1,2,0,102,0,51.0,51.0,51.0,0.0,0.0,0.0,0.0,0.0,2000000.0,0.0
5353,17,922602.8919219971,2,0,596,0,510.0,86.0,298.0,212.0,922602.8919219971,0.0,922602.8919219971,922602.8919219971,2.167779894807758,0.0
5353,17,1,1,0,86,0,86.0,86.0,86.0,0.0,0,0,0,0,1000000.0,0.0
5355,17,408601.9992828369,2,0,112,0,56.0,56.0,56.0,0.0,408601.9992828369,0.0,408601.9992828369,408601.9992828369,4.894738654021091,0.0
5353,17,1,1,0,554,0,554.0,554.0,554.0,0.0,0,0,0,0,1000000.0,0.0
1900,17,1956108.0932617188,3,0,594,0,198.0,198.0,198.0,0.0,978054.0466308594,54918.05076599121,1032972.0973968506,923135.9958648682,1.5336575776840842,0.0
53,17,13442.039489746094,1,1,147,65,147.0,147.0,147.0,0.0,13442.039489746094,0.0,13442.039489746094,13442.039489746094,74.39347286271727,74.39347286271727
53,17,2017.0211791992188,1,1,91,75,91.0,91.0,91.0,0.0,2017.0211791992188,0.0,2017.0211791992188,2017.0211791992188,495.7806146572104,495.7806146572104
53,17,5277.872085571289,1,1,135,75,135.0,135.0,135.0,0.0,5277.872085571289,0.0,5277.872085571289,5277.872085571289,189.47029859511227,189.47029859511227
443,17,169357.0613861084,11,14,4799,6094,1278.0,59.0,436.27272727272725,524.2237709065386,7056.544224421184,14033.083428811973,49166.91780090332,0.0,64.95152850415649,82.6655817325628
57621,17,1,1,0,72,0,72.0,72.0,72.0,0.0,0,0,0,0,1000000.0,0.0
1900,17,1,1,0,165,0,165.0,165.0,165.0,0.0,0,0,0,0,1000000.0,0.0
1900,17,20272472.143173218,9,0,1377,0,153.0,153.0,153.0,0.0,2534059.017896652,4212295.393603926,9830434.083938599,98451.85279846191,0.44395177541436465,0.0
5353,17,20369886.15989685,8,0,1258,0,483.0,65.0,157.25,136.64438334596852,2909983.737128122,4033597.254987298,12395565.9866333,214780.09223937988,0.3927366082069705,0.0
5353,17,22013870.000839233,5,0,445,0,89.0,89.0,89.0,0.0,5503467.500209808,8362350.340418085,19969577.074050903,2624.034881591797,0.22712953241794312,0.0
1900,17,14951288.938522339,2,0,320,0,160.0,160.0,160.0,0.0,14951288.938522339,0.0,14951288.938522339,14951288.938522339,0.1337677312119194,0.0
5353,17,13007616.04309082,5,0,1269,0,545.0,77.0,253.8,204.17090879946633,3251904.010772705,3494624.158393247,9012146.949768066,307561.15913391113,0.3843901898269684,0.0
5353,17,7171406.984329224,7,0,511,0,73.0,73.0,73.0,0.0,1195234.4973882039,1520651.691357759,4194622.993469238,0.0,0.9760985557361648,0.0
57621,17,1,1,0,68,0,68.0,68.0,68.0,0.0,0,0,0,0,1000000.0,0.0
443,6,1,0,1,0,40,0,0,0,0,0,0,0,0,0.0,1000000.0
53,17,2137.1841430664062,1,1,115,65,115.0,115.0,115.0,0.0,2137.1841430664062,0.0,2137.1841430664062,2137.1841430664062,467.9053993752789,467.9053993752789
53,17,2170.8011627197266,1,1,149,65,149.0,149.0,149.0,0.0,2170.8011627197266,0.0,2170.8011627197266,2170.8011627197266,460.6594179022515,460.6594179022515
443,17,225488.90113830566,19,19,6663,17238,1278.0,51.0,350.6842105263158,459.20813451345134,6094.294625359612,14816.343250006428,69061.0408782959,0.0,84.26135345945997,84.26135345945997
443,6,1,0,1,0,40,0,0,0,0,0,0,0,0,0.0,1000000.0
443,6,1,0,1,0,40,0,0,0,0,0,0,0,0,0.0,1000000.0
443,6,1,0,1,0,40,0,0,0,0,0,0,0,0,0.0,1000000.0
5355,17,409113.16871643066,2,0,112,0,56.0,56.0,56.0,0.0,409113.16871643066,0.0,409113.16871643066,409113.16871643066,4.888622887097197,0.0
443,6,1,0,1,0,40,0,0,0,0,0,0,0,0,0.0,1000000.0
5355,17,407948.0171203613,4,0,244,0,61.0,61.0,61.0,0.0,135982.67237345377,192308.53951827553,407948.0171203613,0.0,9.805170835822047,0.0
5355,17,407618.9994812012,4,0,244,0,61.0,61.0,61.0,0.0,135872.99982706705,192153.43911575543,407618.9994812012,0.0,9.813085271027644,0.0
5353,17,1,1,0,342,0,342.0,342.0,342.0,0.0,0,0,0,0,1000000.0,0.0
57621,17,1,1,0,72,0,72.0,72.0,72.0,0.0,0,0,0,0,1000000.0,0.0
1900,17,3031562.089920044,4,0,792,0,198.0,198.0,198.0,0.0,1010520.6966400146,3678.192834377976,1015614.0327453613,1007059.0972900391,1.319451781409992,0.0
443,17,288931.13136291504,61,41,68664,7717,1278.0,59.0,1125.639344262295,394.11182705232386,2860.704270919951,9340.5962196504,62873.125076293945,0.0,211.12297491882347,141.90232740445512
5355,17,406852.00691223145,2,0,112,0,56.0,56.0,56.0,0.0,406852.00691223145,0.0,406852.00691223145,406852.00691223145,4.91579239138779,0.0
5355,17,1,2,0,122,0,61.0,61.0,61.0,0.0,0.0,0.0,0.0,0.0,2000000.0,0.0
443,6,1,1,0,40,0,40.0,40.0,40.0,0.0,0,0,0,0,1000000.0,0.0
53,17,2177.000045776367,1,1,76,60,76.0,76.0,76.0,0.0,2177.000045776367,0.0,2177.000045776367,2177.000045776367,459.3477165699266,459.3477165699266
53,17,10854.959487915039,1,1,129,60,129.0,129.0,129.0,0.0,10854.959487915039,0.0,10854.959487915039,10854.959487915039,92.12378923323595,92.12378923323595
443,17,170325.04081726074,8,8,4267,4756,1278.0,61.0,533.375,577.3190057282022,11355.002721150717,16732.815864560274,45058.01200866699,70.09506225585938,46.969018540163354,46.969018540163354
0,2,510590.0764465332,5,0,200,0,40.0,40.0,40.0,0.0,127647.5191116333,164857.7005062926,404726.9821166992,0.0,9.792591416577558,0.0
5353,17,1,4,0,260,0,70.0,60.0,65.0,5.0,0.0,0.0,0.0,0.0,4000000.0,0.0
5355,17,1,1,0,54,0,54.0,54.0,54.0,0.0,0,0,0,0,1000000.0,0.0
138,17,1,1,0,204,0,204.0,204.0,204.0,0.0,0,0,0,0,1000000.0,0.0
57621,17,1,1,0,68,0,68.0,68.0,68.0,0.0,0,0,0,0,1000000.0,0.0
10925,6,1,0,1,0,42,0,0,0,0,0,0,0,0,0.0,1000000.0
138,17,37996829.986572266,11,0,2459,0,229.0,205.0,223.54545454545453,7.21568539381252,3799682.9986572266,5586648.4826192,19974148.988723755,919399.0230560303,0.28949783452691447,0.0
5353,17,36563539.028167725,8,0,2433,0,456.0,108.0,304.125,146.60357899792214,5223362.718309674,6458773.6779490085,19558531.045913696,402275.08544921875,0.21879720105422457,0.0
1900,17,3076753.854751587,4,0,792,0,198.0,198.0,198.0,0.0,1025584.618250529,1711.8188809637727,1027996.0632324219,1024194.0021514893,1.3000715002997711,0.0
5355,17,408699.03564453125,2,0,110,0,55.0,55.0,55.0,0.0,408699.03564453125,0.0,408699.03564453125,408699.03564453125,4.893576508801733,0.0
57621,17,1,1,0,72,0,72.0,72.0,72.0,0.0,0,0,0,0,1000000.0,0.0
0,2,201793.90907287598,5,0,200,0,40.0,40.0,40.0,0.0,50448.477268218994,49408.304849670065,100224.01809692383,0.0,24.777754804255746,0.0
5355,17,409514.1887664795,2,0,112,0,56.0,56.0,56.0,0.0,409514.1887664795,0.0,409514.1887664795,409514.1887664795,4.883835663971281,0.0
1900,17,2972720.146179199,4,0,792,0,198.0,198.0,198.0,0.0,990906.7153930664,45717.02427687609,1023241.9967651367,926253.080368042,1.3455689749810964,0.0
5353,17,723535.0608825684,6,0,1359,0,417.0,79.0,226.5,149.05899279591733,144707.01217651367,124417.10619993138,312340.02113342285,0.0,8.292618180356316,0.0
5353,17,814738.9888763428,6,0,859,0,253.0,71.0,143.16666666666666,74.58421787184977,162947.79777526855,136503.65981187212,302742.95806884766,0.0,7.364321680830536,0.0
5353,17,818041.8014526367,6,0,963,0,285.0,79.0,160.5,84.2886904236466,163608.36029052734,138529.62499752574,313549.9954223633,0.0,7.334588512892015,0.0
5353,17,1,8,0,616,0,96.0,58.0,77.0,19.0,0.0,0.0,0.0,0.0,8000000.0,0.0
5355,17,1,2,0,104,0,52.0,52.0,52.0,0.0,0.0,0.0,0.0,0.0,2000000.0,0.0
5355,17,1,2,0,104,0,52.0,52.0,52.0,0.0,0.0,0.0,0.0,0.0,2000000.0,0.0
5355,17,414622.7836608887,2,0,112,0,56.0,56.0,56.0,0.0,414622.7836608887,0.0,414622.7836608887,414622.7836608887,4.823661599927317,0.0
5355,17,410827.1598815918,2,0,118,0,59.0,59.0,59.0,0.0,410827.1598815918,0.0,410827.1598815918,410827.1598815918,4.868227311398881,0.0
1900,17,3072962.999343872,4,0,792,0,198.0,198.0,198.0,0.0,1024320.9997812908,1049.4004043466114,1025719.165802002,1023190.975189209,1.3016752889162888,0.0
5353,17,5015666.0079956055,13,0,5502,0,950.0,150.0,423.2307692307692,297.246893972555,417972.1673329671,358016.9454641712,1023432.0163726807,0.0,2.5918791201958737,0.0
57621,17,1,1,0,68,0,68.0,68.0,68.0,0.0,0,0,0,0,1000000.0,0.0
5353,17,1,1,0,73,0,73.0,73.0,73.0,0.0,0,0,0,0,1000000.0,0.0
5353,17,1,1,0,472,0,472.0,472.0,472.0,0.0,0,0,0,0,1000000.0,0.0
5353,17,818372.0111846924,12,0,1692,0,249.0,70.0,141.0,73.37120234351713,74397.45556224477,123588.58988171657,306257.963180542,0.0,14.663258073340693,0.0
5355,17,1,1,0,61,0,61.0,61.0,61.0,0.0,0,0,0,0,1000000.0,0.0
443,17,152251.9588470459,9,12,4943,6117,1278.0,59.0,549.2222222222222,550.1165084229941,7612.597942352295,13854.78737663868,44360.16082763672,0.0,59.11253995123639,78.81671993498186
5355,17,409744.0242767334,2,0,112,0,56.0,56.0,56.0,0.0,409744.0242767334,0.0,409744.0242767334,409744.0242767334,4.881096200317586,0.0
0,2,203397.03559875488,5,0,200,0,40.0,40.0,40.0,0.0,50849.25889968872,88073.49994148477,203397.03559875488,0.0,24.582462498930383,0.0
5355,17,406252.1457672119,2,0,98,0,49.0,49.0,49.0,0.0,406252.1457672119,0.0,406252.1457672119,406252.1457672119,4.923050920070777,0.0
1900,17,1,1,0,129,0,129.0,129.0,129.0,0.0,0,0,0,0,1000000.0,0.0
5353,17,1,1,0,86,0,86.0,86.0,86.0,0.0,0,0,0,0,1000000.0,0.0
5353,17,45973042.9649353,23,0,1679,0,73.0,73.0,73.0,0.0,2089683.7711334229,483262.02172088827,4197319.984436035,1541887.0449066162,0.500293183062575,0.0
1900,17,46285696.029663086,23,0,3519,0,153.0,153.0,153.0,0.0,2103895.2740755947,457342.92601774615,4097316.9803619385,1636458.158493042,0.49691377624007216,0.0
138,17,32369288.9213562,9,0,1989,0,229.0,214.0,221.0,6.324555320336759,4046161.115169525,7260173.267600122,23245425.939559937,1020065.0691986084,0.2780413255869236,0.0
3702,17,33279708.862304688,12,0,8208,0,684.0,684.0,684.0,0.0,3025428.0783913354,5676231.541587258,20792501.21116638,99961.99607849121,0.36058007747754606,0.0
5353,17,28162208.080291748,12,0,1899,0,461.0,68.0,158.25,150.8023679080228,2560200.734571977,6890071.523690368,24265633.821487427,0.0,0.4261029520763233,0.0
3289,17,19967839.95628357,3,0,126,0,42.0,42.0,42.0,0.0,9983919.978141785,50382.01808929443,10034301.99623108,9933537.96005249,0.15024158880319685,0.0
5353,17,8805770.1587677,8,0,1729,0,483.0,67.0,216.125,174.68932244129863,1257967.165538243,2750369.257737732,7987418.174743652,0.0,0.9084952089096473,0.0
1900,17,6037388.08631897,8,0,1320,0,165.0,165.0,165.0,0.0,862484.0123312813,1234747.1616414532,2864344.835281372,0.0,1.3250763220155433,0.0
5353,17,1325888.8721466064,3,0,954,0,434.0,86.0,318.0,164.04877323527901,662944.4360733032,357543.34926605225,1020487.7853393555,305401.086807251,2.2626330630130544,0.0
57621,17,1,1,0,72,0,72.0,72.0,72.0,0.0,0,0,0,0,1000000.0,0.0
3702,17,7473326.921463013,7,0,4788,0,684.0,684.0,684.0,0.0,1245554.4869105022,733027.8403225224,2046880.0067901611,203562.97492980957,0.9366644967579778,0.0
5355,17,412313.93814086914,2,0,112,0,56.0,56.0,56.0,0.0,412313.93814086914,0.0,412313.93814086914,412313.93814086914,4.850672788356453,0.0
5353,17,924942.0166015625,3,0,715,0,546.0,83.0,238.33333333333334,217.5566337505912,462471.00830078125,256690.97900390625,719161.9873046875,205780.029296875,3.2434465578963,0.0
5353,17,1,1,0,73,0,73.0,73.0,73.0,0.0,0,0,0,0,1000000.0,0.0
5353,17,1,1,0,73,0,73.0,73.0,73.0,0.0,0,0,0,0,1000000.0,0.0
137,17,1,1,0,96,0,96.0,96.0,96.0,0.0,0,0,0,0,1000000.0,0.0
5353,17,1,1,0,86,0,86.0,86.0,86.0,0.0,0,0,0,0,1000000.0,0.0
1900,17,1,1,0,153,0,153.0,153.0,153.0,0.0,0,0,0,0,1000000.0,0.0
1900,17,3070696.1154937744,4,0,792,0,198.0,198.0,198.0,0.0,1023565.3718312581,81243.75302575035,1124827.1465301514,925920.0096130371,1.3026362262997138,0.0
5355,17,406575.91819763184,2,0,112,0,56.0,56.0,56.0,0.0,406575.91819763184,0.0,406575.91819763184,406575.91819763184,4.91913050056207,0.0
5353,17,717141.1514282227,6,0,1727,0,544.0,71.0,287.8333333333333,217.73027401402456,143428.23028564453,122735.0688934635,306082.96394348145,0.0,8.366553764277365,0.0
80,6,1,1,0,40,0,40.0,40.0,40.0,0.0,0,0,0,0,1000000.0,0.0
80,6,1,1,0,40,0,40.0,40.0,40.0,0.0,0,0,0,0,1000000.0,0.0
80,6,1,1,0,40,0,40.0,40.0,40.0,0.0,0,0,0,0,1000000.0,0.0
67,17,1,1,0,328,0,328.0,328.0,328.0,0.0,0,0,0,0,1000000.0,0.0
5353,17,1,1,0,86,0,86.0,86.0,86.0,0.0,0,0,0,0,1000000.0,0.0
1900,17,1,1,0,165,0,165.0,165.0,165.0,0.0,0,0,0,0,1000000.0,0.0
443,6,80204618.21556091,3,2,146,82,52.0,42.0,48.666666666666664,4.714045207910317,20051154.55389023,20346774.5849558,45003943.9201355,1978.158950805664,0.03740432990949584,0.024936219939663894
443,6,186.920166015625,0,2,0,80,0,0,0,0,186.920166015625,0.0,186.920166015625,186.920166015625,0.0,10699.755102040815
5353,17,54068060.874938965,24,0,1752,0,73.0,73.0,73.0,0.0,2350785.255432129,766594.7714094889,4096324.920654297,1940330.982208252,0.44388497777852093,0.0
1900,17,53964911.93771362,27,0,4131,0,153.0,153.0,153.0,0.0,2075573.5360659084,389246.5650599611,3994692.087173462,1840009.9277496338,0.500325100709206,0.0
5353,17,55918947.93510437,4,0,1888,0,472.0,472.0,472.0,0.0,18639649.311701458,9966440.793940026,31958872.079849243,7987088.918685913,0.07153210401315348,0.0
5353,17,44545527.935028076,5,0,1428,0,602.0,67.0,285.6,235.47110226097809,11136381.983757019,16470333.090775799,39628838.06228638,922626.9721984863,0.11224471303365749,0.0
5353,17,42496234.17854309,11,0,1772,0,283.0,79.0,161.0909090909091,61.76120368800899,4249623.417854309,11151880.514426356,37683059.93080139,0.0,0.2588464651664134,0.0
5353,17,36968004.94194031,4,0,873,0,578.0,86.0,218.25,207.97160262882045,12322668.313980103,16633310.69177432,35839714.05029297,103757.85827636719,0.1082016734817623,0.0
5353,17,26829243.183135986,16,0,2654,0,349.0,67.0,165.875,110.56834707546278,1788616.212209066,6501073.957509834,26110713.005065918,0.0,0.5963641945016583,0.0
5353,17,9626177.072525024,3,0,835,0,609.0,113.0,278.3333333333333,233.81664231235172,4813088.536262512,3786530.613899231,8599619.150161743,1026557.9223632812,0.31165019897281776,0.0
1900,17,2972529.888153076,4,0,792,0,198.0,198.0,198.0,0.0,990843.2960510254,48049.012303714124,1027364.0155792236,922956.9435119629,1.3456550986894609,0.0
5353,17,1022471.9047546387,5,0,841,0,442.0,81.0,168.2,138.04984607017857,255617.97618865967,183872.2795899702,509212.0170593262,0.0,4.890109915733913,0.0
67,17,1,1,0,332,0,332.0,332.0,332.0,0.0,0,0,0,0,1000000.0,0.0
5355,17,409157.99140930176,2,0,110,0,55.0,55.0,55.0,0.0,409157.99140930176,0.0,409157.99140930176,409157.99140930176,4.888087345211589,0.0
443,6,1682.9967498779297,1,1,40,42,40.0,40.0,40.0,0.0,1682.9967498779297,0.0,1682.9967498779297,1682.9967498779297,594.1782122113614,594.1782122113614
5355,17,1,1,0,56,0,56.0,56.0,56.0,0.0,0,0,0,0,1000000.0,0.0
68,17,1,1,0,311,0,311.0,311.0,311.0,0.0,0,0,0,0,1000000.0,0.0
443,6,1575.9468078613281,1,1,40,42,40.0,40.0,40.0,0.0,1575.9468078613281,0.0,1575.9468078613281,1575.9468078613281,634.5391830559757,634.5391830559757
67,17,100785.0170135498,2,0,656,0,328.0,328.0,328.0,0.0,100785.0170135498,0.0,100785.0170135498,100785.0170135498,19.844219500713233,0.0
1900,17,3065605.1635742188,3,0,609,0,203.0,203.0,203.0,0.0,1532802.5817871094,514720.4399108887,2047523.021697998,1018082.1418762207,0.9785996042955091,0.0
57621,17,1,1,0,68,0,68.0,68.0,68.0,0.0,0,0,0,0,1000000.0,0.0
5355,17,409958.8394165039,2,0,112,0,56.0,56.0,56.0,0.0,409958.8394165039,0.0,409958.8394165039,409958.8394165039,4.878538545105182,0.0
5353,17,1022170.0668334961,2,0,670,0,584.0,86.0,335.0,249.0,1022170.0668334961,0.0,1022170.0668334961,1022170.0668334961,1.9566215690463817,0.0
5355,17,1,1,0,55,0,55.0,55.0,55.0,0.0,0,0,0,0,1000000.0,0.0
53,17,2352.9529571533203,1,1,275,65,275.0,275.0,275.0,0.0,2352.9529571533203,0.0,2352.9529571533203,2352.9529571533203,424.99787212483534,424.99787212483534
53,17,3161.191940307617,1,1,331,65,331.0,331.0,331.0,0.0,3161.191940307617,0.0,3161.191940307617,3161.191940307617,316.33637529225433,316.33637529225433
53,17,3880.023956298828,1,1,81,65,81.0,81.0,81.0,0.0,3880.023956298828,0.0,3880.023956298828,3880.023956298828,257.7303674572938,257.7303674572938
53,17,3479.9575805664062,1,1,115,65,115.0,115.0,115.0,0.0,3479.9575805664062,0.0,3479.9575805664062,3479.9575805664062,287.3598246094821,287.3598246094821
443,17,552823.0667114258,13,16,7628,6354,1278.0,59.0,586.7692307692307,564.8030499272296,19743.680953979492,48583.508691267365,181445.12176513672,0.0,23.515661307935282,28.94235237899727
5353,17,1,1,0,181,0,181.0,181.0,181.0,0.0,0,0,0,0,1000000.0,0.0
5353,17,25293375.01525879,5,0,1337,0,609.0,86.0,267.4,223.8031277708156,6323343.753814697,9774269.894443735,23248606.92024231,411958.2176208496,0.19768022246867567,0.0
1900,17,20378162.86087036,9,0,1377,0,153.0,153.0,153.0,0.0,2547270.357608795,4086114.8228639797,9625266.075134277,105326.89094543457,0.4416492331250122,0.0
5353,17,13822663.068771362,16,0,4685,0,557.0,123.0,292.8125,147.2142226272652,921510.8712514242,1432133.8560108521,5739415.168762207,0.0,1.1575193521245375,0.0
5353,17,14441794.872283936,6,0,1068,0,605.0,86.0,178.0,191.12125296087123,2888358.974456787,4812292.24614114,12501106.977462769,197626.11389160156,0.4154608241607793,0.0
5353,17,6246586.084365845,7,0,511,0,73.0,73.0,73.0,0.0,1041097.6807276409,1042468.3566100501,2157150.983810425,0.0,1.120612108031269,0.0
5353,17,1945096.9696044922,4,0,356,0,89.0,89.0,89.0,0.0,648365.6565348307,460465.90557797736,1025081.8729400635,0.0,2.056452743748474,0.0
5353,17,3992202.9972076416,3,0,781,0,606.0,67.0,260.3333333333333,244.99569157209456,1996101.4986038208,971505.2843093872,2967606.782913208,1024596.2142944336,0.751464793272877,0.0
5355,17,409862.0414733887,4,0,244,0,61.0,61.0,61.0,0.0,136620.68049112955,190034.26005130095,405357.12242126465,0.0,9.759381438741284,0.0
5353,17,7885801.076889038,3,0,662,0,493.0,83.0,220.66666666666666,192.57264141674494,3942900.538444519,2920065.5221939087,6862966.060638428,1022835.0162506104,0.38043059554115777,0.0
5355,17,408123.9700317383,2,0,112,0,56.0,56.0,56.0,0.0,408123.9700317383,0.0,408123.9700317383,408123.9700317383,4.900471785189357,0.0
1900,17,3073529.005050659,4,0,816,0,204.0,204.0,204.0,0.0,1024509.6683502197,4686.998425399659,1031137.9432678223,1021157.97996521,1.3014355789149517,0.0
5353,17,3998954.0576934814,5,0,703,0,228.0,86.0,140.6,56.63426524640361,999738.5144233704,632872.8212361159,2048660.0399017334,410148.14376831055,1.250326942461525,0.0
5353,17,1,1,0,73,0,73.0,73.0,73.0,0.0,0,0,0,0,1000000.0,0.0
1900,17,1,1,0,153,0,153.0,153.0,153.0,0.0,0,0,0,0,1000000.0,0.0
5353,17,1,1,0,113,0,113.0,113.0,113.0,0.0,0,0,0,0,1000000.0,0.0
0,2,1,1,0,32,0,32.0,32.0,32.0,0.0,0,0,0,0,1000000.0,0.0
1900,17,2971252.202987671,4,0,792,0,198.0,198.0,198.0,0.0,990417.4009958903,45423.345453352056,1026779.1748046875,926374.9122619629,1.3462337515401408,0.0
5353,17,4296873.8079071045,2,0,546,0,463.0,83.0,273.0,190.0,4296873.8079071045,0.0,4296873.8079071045,4296873.8079071045,0.46545467458681267,0.0
1900,17,1,1,0,165,0,165.0,165.0,165.0,0.0,0,0,0,0,1000000.0,0.0
5355,17,412018.0606842041,2,0,122,0,61.0,61.0,61.0,0.0,412018.0606842041,0.0,412018.0606842041,412018.0606842041,4.854156142278731,0.0
5353,17,1,1,0,73,0,73.0,73.0,73.0,0.0,0,0,0,0,1000000.0,0.0
1900,17,1,1,0,153,0,153.0,153.0,153.0,0.0,0,0,0,0,1000000.0,0.0
5353,17,1026446.1040496826,2,0,555,0,440.0,115.0,277.5,162.5,1026446.1040496826,0.0,1026446.1040496826,1026446.1040496826,1.9484705452232833,0.0
5355,17,407521.00944519043,2,0,112,0,56.0,56.0,56.0,0.0,407521.00944519043,0.0,407521.00944519043,407521.00944519043,4.907722433066338,0.0
5353,17,2659797.9068756104,4,0,763,0,485.0,83.0,190.75,170.1504848656036,886599.3022918701,428099.75213640474,1332645.8930969238,309053.897857666,1.5038736550848284,0.0
5353,17,1,1,0,102,0,102.0,102.0,102.0,0.0,0,0,0,0,1000000.0,0.0
57621,17,1,1,0,72,0,72.0,72.0,72.0,0.0,0,0,0,0,1000000.0,0.0
5353,17,69221691.84684753,5,0,1480,0,445.0,86.0,296.0,171.6892541774237,17305422.961711884,27088369.94346343,64203652.85873413,1023273.9448547363,0.07223169308058032,0.0
5353,17,36658799.171447754,11,0,2021,0,454.0,81.0,183.72727272727272,139.68867391393874,3665879.9171447754,5920079.040993316,16593257.904052734,99879.98008728027,0.3000643842302263,0.0
0,2,31235977.8881073,2,0,64,0,32.0,32.0,32.0,0.0,31235977.8881073,0.0,31235977.8881073,31235977.8881073,0.06402873017660428,0.0
5353,17,31338593.95980835,4,0,442,0,166.0,86.0,110.5,32.87476235655552,10446197.986602783,14048498.34911585,30312438.96484375,313550.9490966797,0.12763814500197385,0.0
5355,17,410640.9549713135,2,0,110,0,55.0,55.0,55.0,0.0,410640.9549713135,0.0,410640.9549713135,410640.9549713135,4.8704348063376095,0.0
5355,17,410640.9549713135,2,0,110,0,55.0,55.0,55.0,0.0,410640.9549713135,0.0,410640.9549713135,410640.9549713135,4.8704348063376095,0.0
5355,17,410640.9549713135,2,0,110,0,55.0,55.0,55.0,0.0,410640.9549713135,0.0,410640.9549713135,410640.9549713135,4.8704348063376095,0.0
5355,17,410640.9549713135,2,0,110,0,55.0,55.0,55.0,0.0,410640.9549713135,0.0,410640.9549713135,410640.9549713135,4.8704348063376095,0.0
0,2,1,1,0,32,0,32.0,32.0,32.0,0.0,0,0,0,0,1000000.0,0.0
5355,17,407600.87966918945,2,0,112,0,56.0,56.0,56.0,0.0,407600.87966918945,0.0,407600.87966918945,407600.87966918945,4.906760754842355,0.0
5353,17,2967415.0943756104,2,0,605,0,538.0,67.0,302.5,235.5,2967415.0943756104,0.0,2967415.0943756104,2967415.0943756104,0.6739872705341315,0.0
5353,17,3990091.08543396,3,0,958,0,436.0,86.0,319.3333333333333,164.99158227686107,1995045.54271698,973784.5659255981,2968830.108642578,1021260.9767913818,0.7518625354071891,0.0
5353,17,717257.9765319824,6,0,1585,0,495.0,71.0,264.1666666666667,194.0828145119729,143451.59530639648,122655.08732855109,305549.86000061035,0.0,8.365191041876773,0.0
5353,17,1,1,0,73,0,73.0,73.0,73.0,0.0,0,0,0,0,1000000.0,0.0
5355,17,411892.8909301758,2,0,110,0,55.0,55.0,55.0,0.0,411892.8909301758,0.0,411892.8909301758,411892.8909301758,4.85563126735062,0.0
5355,17,407543.8976287842,2,0,110,0,55.0,55.0,55.0,0.0,407543.8976287842,0.0,407543.8976287842,407543.8976287842,4.907446809132993,0.0
5355,17,407543.8976287842,2,0,110,0,55.0,55.0,55.0,0.0,407543.8976287842,0.0,407543.8976287842,407543.8976287842,4.907446809132993,0.0
5355,17,407543.8976287842,2,0,110,0,55.0,55.0,55.0,0.0,407543.8976287842,0.0,407543.8976287842,407543.8976287842,4.907446809132993,0.0
1900,17,1,1,0,153,0,153.0,153.0,153.0,0.0,0,0,0,0,1000000.0,0.0
5355,17,409119.1291809082,2,0,112,0,56.0,56.0,56.0,0.0,409119.1291809082,0.0,409119.1291809082,409119.1291809082,4.888551664656142,0.0
5353,17,513413.9060974121,4,0,439,0,211.0,76.0,109.75,58.45671475544961,171137.96869913736,128077.4644231201,308084.01107788086,0.0,7.790984919759972,0.0
5355,17,412236.92893981934,4,0,244,0,61.0,61.0,61.0,0.0,137412.30964660645,194330.3519392421,412236.92893981934,0.0,9.703157866732367,0.0
5355,17,408808.94660949707,4,0,244,0,61.0,61.0,61.0,0.0,136269.64886983237,192714.3855715364,408808.94660949707,0.0,9.784521677361637,0.0
443,6,90810165.16685486,90,48,62641,5344,1370.0,42.0,696.0111111111111,606.8188910566397,662847.920925948,5380852.5473789275,45008605.95703125,0.0,0.9910784749111924,0.5285751866193026
10946,6,1,1,0,42,0,42.0,42.0,42.0,0.0,0,0,0,0,1000000.0,0.0
5353,17,83559404.13475037,3,0,1025,0,476.0,73.0,341.6666666666667,189.97602187878576,41779702.06737518,22121550.917625427,63901252.98500061,19658151.149749756,0.03590260164088905,0.0
5353,17,63997879.98199463,2,0,996,0,498.0,498.0,498.0,0.0,63997879.98199463,0.0,63997879.98199463,63997879.98199463,0.031251035199332956,0.0
5353,17,64720789.90936279,11,0,2470,0,516.0,86.0,224.54545454545453,167.28438694541245,6472078.990936279,9367254.85390293,29697746.03843689,205809.8316192627,0.1699608428049901,0.0
5353,17,62158073.90213013,22,0,1496,0,68.0,68.0,68.0,0.0,2959908.281053816,11924850.636170862,56218844.89059448,0.0,0.353936321042375,0.0
5353,17,40038958.07266235,28,0,7963,0,562.0,86.0,284.39285714285717,146.79512917321063,1482924.3730615687,4594215.724101339,24575917.959213257,100009.91821289062,0.6993188970898254,0.0
1900,17,3073228.8360595703,4,0,660,0,165.0,165.0,165.0,0.0,1024409.6120198567,1448733.966743842,3073228.8360595703,0.0,1.3015626929782151,0.0
5353,17,2049926.996231079,5,0,472,0,105.0,68.0,94.4,14.582180906846547,512481.7490577698,512483.85635023896,1027041.9120788574,0.0,2.4391112508849426,0.0
5355,17,407253.0269622803,2,0,106,0,53.0,53.0,53.0,0.0,407253.0269622803,0.0,407253.0269622803,407253.0269622803,4.910951834828817,0.0
5353,17,1,1,0,554,0,554.0,554.0,554.0,0.0,0,0,0,0,1000000.0,0.0
5355,17,409899.9500274658,2,0,112,0,56.0,56.0,56.0,0.0,409899.9500274658,0.0,409899.9500274658,409899.9500274658,4.879239433588581,0.0
1900,17,1,1,0,165,0,165.0,165.0,165.0,0.0,0,0,0,0,1000000.0,0.0
5353,17,922347.0687866211,3,0,783,0,565.0,108.0,261.0,214.96201214788314,461173.53439331055,46797.51396179199,507971.04835510254,414376.02043151855,3.252571728716612,0.0
67,17,1,1,0,328,0,328.0,328.0,328.0,0.0,0,0,0,0,1000000.0,0.0
5355,17,404486.89460754395,2,0,102,0,51.0,51.0,51.0,0.0,404486.89460754395,0.0,404486.89460754395,404486.89460754395,4.9445359705424154,0.0
1900,17,1,1,0,153,0,153.0,153.0,153.0,0.0,0,0,0,0,1000000.0,0.0
1900,17,2970078.945159912,4,0,792,0,198.0,198.0,198.0,0.0,990026.3150533041,50523.85295761222,1026888.1320953369,918586.9693756104,1.346765548612256,0.0
5355,17,405745.0294494629,2,0,112,0,56.0,56.0,56.0,0.0,405745.0294494629,0.0,405745.0294494629,405745.0294494629,4.929203945427772,0.0
5353,17,716549.1580963135,6,0,1359,0,417.0,79.0,226.5,149.05899279591733,143309.8316192627,123469.28032782681,310795.0687408447,0.0,8.373465982348586,0.0
443,17,138092.041015625,7,8,2947,4347,1278.0,59.0,421.0,542.3538644517196,9863.717215401786,15674.206666901502,50920.963287353516,0.0,50.69082872928177,57.932375690607735
1900,17,1,1,0,153,0,153.0,153.0,153.0,0.0,0,0,0,0,1000000.0,0.0
5353,17,1,1,0,99,0,99.0,99.0,99.0,0.0,0,0,0,0,1000000.0,0.0
57621,17,1,1,0,72,0,72.0,72.0,72.0,0.0,0,0,0,0,1000000.0,0.0
5353,17,1,1,0,73,0,73.0,73.0,73.0,0.0,0,0,0,0,1000000.0,0.0
5353,17,78032731.05621338,12,0,2437,0,521.0,81.0,203.08333333333334,169.51521973622965,7093884.641473943,17966781.42944628,63795624.017715454,101140.02227783203,0.1537816226290403,0.0
5353,17,69527894.02008057,8,0,1169,0,524.0,65.0,146.125,144.73461705825596,9932556.28858294,14026122.64581374,43416519.16503906,1024243.1163787842,0.11506173331942854,0.0
5353,17,66355405.09223938,13,0,3735,0,402.0,123.0,287.3076923076923,123.07120179009861,5529617.091019948,6119838.861121492,17919116.020202637,305233.0017089844,0.1959147108201502,0.0
5353,17,66356648.92196655,8,0,1721,0,521.0,86.0,215.125,171.1625232783158,9479521.27456665,20813830.795660682,60414718.15109253,105463.02795410156,0.12056063906132093,0.0
5353,17,41361418.00880432,4,0,1164,0,549.0,72.0,291.0,214.53787544394115,13787139.336268106,18492701.832725022,39937295.91369629,400588.9892578125,0.09670848323305907,0.0
5353,17,43932132.00569153,4,0,755,0,476.0,93.0,188.75,165.84386482472001,14644044.001897177,17883345.97760948,39934839.01023865,1945158.9584350586,0.091049530659741,0.0
5353,17,30822919.845581055,5,0,959,0,493.0,109.0,191.8,151.0475421845718,7705729.961395264,11757907.521951407,28059036.016464233,305593.96743774414,0.1622169484607354,0.0
5353,17,22219954.96749878,7,0,623,0,89.0,89.0,89.0,0.0,3703325.8279164634,7288683.952445195,19972618.103027344,0.0,0.3150321416150001,0.0
5353,17,19152397.15576172,2,0,262,0,176.0,86.0,131.0,45.0,19152397.15576172,0.0,19152397.15576172,19152397.15576172,0.10442557052960492,0.0
5353,17,13003824.949264526,6,0,1582,0,454.0,86.0,263.6666666666667,146.80221009538272,2600764.9898529053,3364316.321300214,9010812.044143677,204946.99478149414,0.4614027044665308,0.0
5353,17,3993789.1960144043,6,0,1267,0,426.0,87.0,211.16666666666666,136.63871665413464,798757.8392028809,1089503.3844689478,2968353.9867401123,105655.19332885742,1.5023326734389713,0.0
1900,17,1,1,0,153,0,153.0,153.0,153.0,0.0,0,0,0,0,1000000.0,0.0
5355,17,409142.97103881836,2,0,112,0,56.0,56.0,56.0,0.0,409142.97103881836,0.0,409142.97103881836,409142.97103881836,4.888266795643534,0.0
1900,17,3070196.1517333984,4,0,792,0,198.0,198.0,198.0,0.0,1023398.7172444661,263.13681070162176,1023632.0495605469,1023030.9963226318,1.3028483531065742,0.0
5353,17,1,1,0,73,0,73.0,73.0,73.0,0.0,0,0,0,0,1000000.0,0.0
5353,17,1,2,0,168,0,103.0,65.0,84.0,19.0,0.0,0.0,0.0,0.0,2000000.0,0.0
5355,17,1,1,0,59,0,59.0,59.0,59.0,0.0,0,0,0,0,1000000.0,0.0
5353,17,1,1,0,73,0,73.0,73.0,73.0,0.0,0,0,0,0,1000000.0,0.0
1900,17,1,1,0,153,0,153.0,153.0,153.0,0.0,0,0,0,0,1000000.0,0.0
5355,17,409828.90129089355,2,0,108,0,54.0,54.0,54.0,0.0,409828.90129089355,0.0,409828.90129089355,409828.90129089355,4.8800853080403295,0.0
5355,17,406749.963760376,2,0,112,0,56.0,56.0,56.0,0.0,406749.963760376,0.0,406749.963760376,406749.963760376,4.9170256378393615,0.0
137,17,1,1,0,78,0,78.0,78.0,78.0,0.0,0,0,0,0,1000000.0,0.0
5353,17,1942.1577453613281,4,0,288,0,77.0,67.0,72.0,5.0,647.3859151204427,915.5419412526475,1942.1577453613281,0.0,2059.564939847778,0.0
5355,17,1,1,0,61,0,61.0,61.0,61.0,0.0,0,0,0,0,1000000.0,0.0
57621,17,1,1,0,68,0,68.0,68.0,68.0,0.0,0,0,0,0,1000000.0,0.0
137,17,1,1,0,78,0,78.0,78.0,78.0,0.0,0,0,0,0,1000000.0,0.0
137,17,1,1,0,78,0,78.0,78.0,78.0,0.0,0,0,0,0,1000000.0,0.0
137,17,1,1,0,78,0,78.0,78.0,78.0,0.0,0,0,0,0,1000000.0,0.0
5353,17,1023901.9393920898,4,0,328,0,105.0,67.0,82.0,14.017845768876187,341300.64646402997,409958.60584668815,917825.9372711182,0.0,3.906624107358246,0.0
0,2,103392.12417602539,5,0,200,0,40.0,40.0,40.0,0.0,25848.031044006348,44770.10304383661,103392.12417602539,0.0,48.3595828971217,0.0
5355,17,1,1,0,61,0,61.0,61.0,61.0,0.0,0,0,0,0,1000000.0,0.0
137,17,1023991.8231964111,4,0,312,0,78.0,78.0,78.0,0.0,341330.607732137,295016.912176643,719775.915145874,0.0,3.9062811922793674,0.0
137,17,910243.034362793,4,0,312,0,78.0,78.0,78.0,0.0,303414.34478759766,302495.9149000283,716292.8581237793,0.0,4.39443077177752,0.0
1900,17,1,1,0,165,0,165.0,165.0,165.0,0.0,0,0,0,0,1000000.0,0.0
5353,17,103828737.97416687,20,0,3694,0,538.0,65.0,184.7,137.67174728316627,5464670.419692993,7137529.385079538,19459707.021713257,305248.0220794678,0.19262489740534172,0.0
5353,17,86526791.09573364,19,0,4095,0,280.0,113.0,215.52631578947367,78.71692683684444,4807043.94976298,7753467.682605265,32051475.048065186,99689.96047973633,0.21958516847086484,0.0
5353,17,42498641.96777344,8,0,1843,0,521.0,83.0,230.375,183.96191012000284,6071234.566824777,12679760.389107993,37075057.98339844,307245.01609802246,0.1882413091238626,0.0
0,2,29179845.809936523,6,0,240,0,40.0,40.0,40.0,0.0,5835969.161987305,10859670.254120292,27547639.13154602,2891.063690185547,0.20562137439248696,0.0
5353,17,19970210.075378418,16,0,1275,0,105.0,68.0,79.6875,12.838996991587777,1331347.3383585613,779690.6050311775,2049622.0588684082,0.0,0.8011933745117007,0.0
138,17,8700967.788696289,4,0,808,0,202.0,202.0,202.0,0.0,2900322.596232096,1056704.743458251,4297195.911407471,1741998.9109039307,0.45971897576687165,0.0
138,17,8399833.20236206,4,0,808,0,202.0,202.0,202.0,0.0,2799944.4007873535,1090572.029466513,4201769.113540649,1542088.0317687988,0.4761999320266487,0.0
53,17,6541.013717651367,1,1,102,57,102.0,102.0,102.0,0.0,6541.013717651367,0.0,6541.013717651367,6541.013717651367,152.88150173136503,152.88150173136503
5353,17,715797.9011535645,6,0,1743,0,547.0,73.0,290.5,218.37257916994372,143159.5802307129,122173.44300853949,303489.92347717285,0.0,8.382254251277532,0.0
53,17,12221.097946166992,1,1,102,57,102.0,102.0,102.0,0.0,12221.097946166992,0.0,12221.097946166992,12221.097946166992,81.82570865604089,81.82570865604089
137,17,1330884.2182159424,4,0,312,0,78.0,78.0,78.0,0.0,443628.07273864746,316571.31965407095,717612.0281219482,0.0,3.005520649543821,0.0
3702,17,6243885.9939575195,7,0,4788,0,684.0,684.0,684.0,0.0,1040647.6656595867,760951.9031390446,2045161.9625091553,98808.05015563965,1.121096702722344,0.0
138,17,8398923.15864563,5,0,1064,0,256.0,202.0,212.8,21.6,2099730.7896614075,657792.6439320804,2762795.2098846436,1023578.1669616699,0.5953144118068436,0.0
137,17,1637867.2122955322,4,0,312,0,78.0,78.0,78.0,0.0,545955.7374318441,394686.3355219049,919507.9803466797,0.0,2.442200423802275,0.0
138,17,8194976.806640625,4,0,808,0,202.0,202.0,202.0,0.0,2731658.935546875,1140054.5987254772,4305149.793624878,1640476.942062378,0.4881038829492092,0.0
137,17,611377.0008087158,2,0,156,0,78.0,78.0,78.0,0.0,611377.0008087158,0.0,611377.0008087158,611377.0008087158,3.2713039537870165,0.0
5355,17,1,1,0,56,0,56.0,56.0,56.0,0.0,0,0,0,0,1000000.0,0.0
137,17,3892578.125,8,0,624,0,78.0,78.0,78.0,0.0,556082.5892857143,687955.5597382684,1744178.056716919,0.0,2.0551931761164073,0.0
137,17,715044.9752807617,2,0,156,0,78.0,78.0,78.0,0.0,715044.9752807617,0.0,715044.9752807617,715044.9752807617,2.797026857247269,0.0
5353,17,1946182.9662322998,3,0,195,0,65.0,65.0,65.0,0.0,973091.4831161499,50189.61429595947,1023281.0974121094,922901.8688201904,1.541478911311114,0.0
5353,17,3281445.9800720215,4,0,1003,0,386.0,100.0,250.75,128.4550018488965,1093815.3266906738,1184653.051526837,2768162.0121002197,206376.0757446289,1.2189748130219737,0.0
138,17,1,2,0,404,0,202.0,202.0,202.0,0.0,0.0,0.0,0.0,0.0,2000000.0,0.0
5353,17,1,1,0,73,0,73.0,73.0,73.0,0.0,0,0,0,0,1000000.0,0.0
5355,17,408200.9792327881,2,0,112,0,56.0,56.0,56.0,0.0,408200.9792327881,0.0,408200.9792327881,408200.9792327881,4.899547286140741,0.0
1900,17,3075403.928756714,4,0,792,0,198.0,198.0,198.0,0.0,1025134.6429189045,1444.7405285917991,1026943.9220428467,1023407.9360961914,1.300642157148141,0.0
5353,17,1,1,0,86,0,86.0,86.0,86.0,0.0,0,0,0,0,1000000.0,0.0
1900,17,1,1,0,165,0,165.0,165.0,165.0,0.0,0,0,0,0,1000000.0,0.0
5355,17,1,1,0,59,0,59.0,59.0,59.0,0.0,0,0,0,0,1000000.0,0.0
5353,17,1,4,0,280,0,75.0,65.0,70.0,5.0,0.0,0.0,0.0,0.0,4000000.0,0.0
1900,17,1,1,0,165,0,165.0,165.0,165.0,0.0,0,0,0,0,1000000.0,0.0
5353,17,1022535.0856781006,3,0,286,0,111.0,67.0,95.33333333333333,20.07209228976613,511267.5428390503,103181.48136138916,614449.0242004395,408086.06147766113,2.93388465786534,0.0
5353,17,1022961.1396789551,3,0,376,0,186.0,77.0,125.33333333333333,45.345586579315764,511480.56983947754,306345.46279907227,817826.0326385498,205135.10704040527,2.932662721617672,0.0
